id;contributing_user;contribution_message;contribution_status
1;Bedfordshire Bahamian Dollar;24/7;APPROVED
2;Tasty Concrete Chips Exclusive;Buckinghamshire capability zero tolerance;REJECTED
3;paradigms Home;Investor Public-key;APPROVED
4;Dominican Republic Credit Card Account Handmade;Ergonomic transmitter;APPROVED
5;bypassing optical;installation;REJECTED
6;neural-net red;Buckinghamshire Future-proofed deposit;APPROVED
7;Cambridgeshire hacking;bricks-and-clicks Concrete Global;REJECTED
8;Borders content-based;Tasty Customer Human;REJECTED
9;programming SCSI drive;invoice Unbranded Cheese;REJECTED
10;Supervisor clear-thinking;Latvia;PENDING
